{
	"vertexPositions": [0.4375, 0, 0.5625, 0.5625, 0, 0.5625, 0.5625, 0.625, 0.5625, 0.4375, 0.625, 0.5625, 0.4375, 0, 0.4375, 0.4375, 0.625, 0.4375, 0.5625, 0.625, 0.4375, 0.5625, 0, 0.4375, 0.4375, 0.625, 0.4375, 0.4375, 0.625, 0.5625, 0.5625, 0.625, 0.5625, 0.5625, 0.625, 0.4375, 0.4375, 0, 0.4375, 0.5625, 0, 0.4375, 0.5625, 0, 0.5625, 0.4375, 0, 0.5625, 0.5625, 0, 0.4375, 0.5625, 0.625, 0.4375, 0.5625, 0.625, 0.5625, 0.5625, 0, 0.5625, 0.4375, 0, 0.4375, 0.4375, 0, 0.5625, 0.4375, 0.625, 0.5625, 0.4375, 0.625, 0.4375],
	"vertexTextureCoords":[0.52734375, 0, 0.53515625, 0, 0.53515625, 0.0390625, 0.52734375, 0.0390625, 0.53515625, 0, 0.53515625, 0.0390625, 0.52734375, 0.0390625, 0.52734375, 0, 0.52734375, 0.03125, 0.52734375, 0.0390625, 0.53515625, 0.0390625, 0.53515625, 0.03125, 0.53515625, 0.0078125, 0.52734375, 0.0078125, 0.52734375, 0, 0.53515625, 0, 0.53515625, 0, 0.53515625, 0.0390625, 0.52734375, 0.0390625, 0.52734375, 0, 0.52734375, 0, 0.53515625, 0, 0.53515625, 0.0390625, 0.52734375, 0.0390625],
	"indices":[0, 1, 2, 0, 2, 3, 4, 5, 6, 4, 6, 7, 8, 9, 10, 8, 10, 11, 12, 13, 14, 12, 14, 15, 16, 17, 18, 16, 18, 19, 20, 21, 22, 20, 22, 23]
}
